{"cameraMode":{"drawMode":0,"name":"Shaded","section":"Shading Mode"},"sceneLighting":true,"audioPlay":false,"sceneViewState":{"m_AlwaysRefresh":false,"showFog":true,"showSkybox":true,"showFlares":true,"showImageEffects":true,"showParticleSystems":true,"showVisualEffectGraphs":true,"m_FxEnabled":true},"in2DMode":false,"pivot":{"x":-2.220285415649414,"y":1.1417748928070069,"z":-1.0398194789886475},"rotation":{"x":-0.5294218063354492,"y":0.13290652632713319,"z":-0.08440354466438294,"w":-0.8336392045021057},"size":2.0413691997528078,"orthographic":false}